variable,etiqueta,categoria_analitica,tipo_variable,n_human,n_ia,missing_human,missing_ia,valor_human,valor_ia,diferencia,unidad_diferencia,intervalo_confianza,test,p_value,effect_size,interpretacion,incluir_reporte,nivel_prioridad,justificacion
acuerdo_pago,Acuerdo formal de pago,A. MÉTRICA PRINCIPAL DE DESEMPEÑO,Binaria (0/1),50,50,0,0,14.0% (7/50),4.0% (2/50),+10.0,puntos porcentuales (Humano - IA),"[-1.0%, 21.0%]",Prueba Exacta de Fisher (bilateral),0.159505,Cohen's h = 0.364,"Tendencia observada favorable a Humano, no significativa bajo alpha=0.05 (p=0.1595)",SI,ALTA,Métrica de resultado culminante de cobranza
oferta_pago,Oferta formal de pago,B. MÉTRICA SECUNDARIA DE DESEMPEÑO,Binaria (0/1),50,50,0,0,52.0% (26/50),74.0% (37/50),-22.0,puntos porcentuales (Humano - IA),"[-40.4%, -3.6%]",Chi-cuadrado con corrección de Yates,0.038337,Cohen's h = 0.461,Diferencia estadísticamente significativa (p=0.0383 < 0.05),SI,ALTA,Mide adherencia al protocolo operativo del agente
intencion_pago,Intención verbal de pago,B. MÉTRICA SECUNDARIA DE DESEMPEÑO,Binaria (0/1),50,50,0,0,24.0% (12/50),2.0% (1/50),+22.0,puntos porcentuales (Humano - IA),"[9.5%, 34.5%]",Chi-cuadrado con corrección de Yates,0.002944,Cohen's h = 0.740,Diferencia altamente significativa (p=0.0029 < 0.01),SI,ALTA,Mide efectividad persuasiva sobre la disposición del cliente
negociacion,Negociación de alternativas,B. MÉTRICA SECUNDARIA DE DESEMPEÑO,Binaria (0/1),50,50,0,0,48.0% (24/50),70.0% (35/50),-22.0,puntos porcentuales (Humano - IA),"[-40.8%, -3.2%]",Chi-cuadrado con corrección de Yates,0.042031,Cohen's h = 0.452,Diferencia estadísticamente significativa (p=0.0420 < 0.05),SI,MEDIA,Mide exploración interactiva de plazos y cuotas
tiene_descuento,Ofrecimiento de descuento,B. MÉTRICA SECUNDARIA DE DESEMPEÑO,Binaria (0/1),50,50,0,0,44.0% (22/50),70.0% (35/50),-26.0,puntos porcentuales (Humano - IA),"[-44.7%, -7.3%]",Chi-cuadrado con corrección de Yates,0.015356,Cohen's h = 0.532,Diferencia estadísticamente significativa (p=0.0154 < 0.05),SI,MEDIA,Mide uso de incentivo económico como palanca
contactabilidad,Contactabilidad efectiva,B. MÉTRICA SECUNDARIA DE DESEMPEÑO,Binaria (0/1),50,50,0,0,98.0% (49/50),92.0% (46/50),+6.0,puntos porcentuales (Humano - IA),"[-2.5%, 14.5%]",Prueba Exacta de Fisher (bilateral),0.362178,Cohen's h = 0.290,Sin evidencia suficiente de diferencia entre grupos (p=0.3622),SI,MEDIA,Mide filtro inicial de llamada útil vs buzón
tiene_objecion,Presencia de objeción,C. MÉTRICA EXPLORATORIA,Binaria (0/1),50,50,0,0,16.0% (8/50),10.0% (5/50),+6.0,puntos porcentuales (Humano - IA),"[-7.1%, 19.1%]",Chi-cuadrado con corrección de Yates,0.552043,Cohen's h = 0.180,Sin evidencia suficiente de diferencia entre grupos (p=0.5520),SI (Secundaria),BAJA,Mide fricción del deudor durante la llamada
manejo_objecion,Manejo de objeción,C. MÉTRICA EXPLORATORIA,Binaria (0/1),50,50,0,0,10.0% (5/50),10.0% (5/50),+0.0,puntos porcentuales (Humano - IA),"[-11.8%, 11.8%]",Chi-cuadrado con corrección de Yates,0.738883,Cohen's h = 0.000,Sin evidencia suficiente de diferencia entre grupos (p=0.7389),NO (Excluir reporte ejecutivo),BAJA,"Tasas idénticas (10% vs 10%), baja varianza"
inconsistencia_matematica_acuerdo,Inconsistencia matemática en diálogo,B. MÉTRICA SECUNDARIA DE DESEMPEÑO,Binaria (0/1),50,50,0,0,4.0% (2/50),10.0% (5/50),-6.0,puntos porcentuales (Humano - IA),"[-15.9%, 3.9%]",Prueba Exacta de Fisher (bilateral),0.436032,Cohen's h = 0.241,Sin evidencia suficiente de diferencia entre grupos (p=0.4360),SI,MEDIA,Mide calidad y rigor aritmético del discurso del agente
dificultad_pago,Expresión de imposibilidad de pago,C. MÉTRICA EXPLORATORIA,Binaria (0/1),50,50,0,0,8.0% (4/50),8.0% (4/50),+0.0,puntos porcentuales (Humano - IA),"[-10.6%, 10.6%]",Prueba Exacta de Fisher (bilateral),1.0,Cohen's h = 0.000,Sin evidencia suficiente de diferencia entre grupos (p=1.0000),NO (Excluir reporte ejecutivo),BAJA,Tasas idénticas (8% vs 8%)
aceptacion_pago,Aceptación explícita de propuesta,C. MÉTRICA EXPLORATORIA,Binaria (0/1),50,50,0,0,2.0% (1/50),2.0% (1/50),+0.0,puntos porcentuales (Humano - IA),"[-5.5%, 5.5%]",Prueba Exacta de Fisher (bilateral),1.0,Cohen's h = 0.000,Sin evidencia suficiente de diferencia entre grupos (p=1.0000),NO (Excluir reporte ejecutivo),BAJA,"Poder estadístico nulo (solo 2 casos positivos en total, 1 H y 1 IA)"
objecion_resuelta,Objeción resuelta con acuerdo,E. VARIABLE QUE DEBE EXCLUIRSE,Binaria (0/1),50,50,0,0,0.0% (0/50),0.0% (0/50),+0.0,puntos porcentuales (Humano - IA),"[0.0%, 0.0%]",Prueba Exacta de Fisher (bilateral),1.0,Cohen's h = 0.000,Sin evidencia suficiente de diferencia entre grupos (p=1.0000),NO,NULA,Varianza cero (0% en ambos grupos)
duracion_segundos,Duración total de llamada,B. MÉTRICA SECUNDARIA DE DESEMPEÑO,Numérica continua/conteo (segundos),50,50,0,0,"Med=236.7, Mdn=168.0, DE=200.8","Med=217.9, Mdn=148.5, DE=151.3",+19.5 (Mediana H - IA),segundos (Humano - IA),"IQR H=[155.0], IA=[220.5]",Mann-Whitney U (No paramétrica),0.327618,Rank-biserial r = 0.114,Sin evidencia suficiente de diferencia en distribución (p=0.3276),SI,ALTA,Mide eficiencia en tiempo de conversación
num_propuestas_pago,Número de propuestas formuladas,B. MÉTRICA SECUNDARIA DE DESEMPEÑO,Numérica continua/conteo (propuestas),50,50,0,0,"Med=1.0, Mdn=1.0, DE=1.0","Med=1.4, Mdn=2.0, DE=0.9",-1.0 (Mediana H - IA),propuestas (Humano - IA),"IQR H=[2.0], IA=[1.8]",Mann-Whitney U (No paramétrica),0.049047,Rank-biserial r = -0.229,"Diferencia estadísticamente significativa en rangos (p=0.0490 < 0.05, U=964)",SI,MEDIA,Mide persistencia en la formulación de alternativas
num_palabras,Volumen de palabras,C. MÉTRICA EXPLORATORIA,Numérica continua/conteo (palabras),50,50,0,0,"Med=525.7, Mdn=336.5, DE=500.2","Med=458.4, Mdn=295.5, DE=374.6",+41.0 (Mediana H - IA),palabras (Humano - IA),"IQR H=[427.0], IA=[534.5]",Mann-Whitney U (No paramétrica),0.199755,Rank-biserial r = 0.149,Tendencia no significativa bajo alpha=0.05 (p=0.1998),SI (Secundaria),BAJA,Mide densidad léxica del diálogo
num_preguntas_agente,Preguntas realizadas por el agente,C. MÉTRICA EXPLORATORIA,Numérica continua/conteo (preguntas),50,50,0,0,"Med=15.5, Mdn=14.0, DE=13.1","Med=13.4, Mdn=8.0, DE=14.1",+6.0 (Mediana H - IA),preguntas (Humano - IA),"IQR H=[15.2], IA=[18.5]",Mann-Whitney U (No paramétrica),0.262609,Rank-biserial r = 0.130,Sin evidencia suficiente de diferencia en distribución (p=0.2626),SI (Secundaria),MEDIA,Mide grado de indagación y estilo conversacional
numero_cuotas,Número de cuotas acordadas/ofrecidas,C. MÉTRICA EXPLORATORIA,Numérica continua/conteo (cuotas),16,13,34,37,"Med=6.2, Mdn=3.0, DE=6.3","Med=4.3, Mdn=2.0, DE=4.8",+1.0 (Mediana H - IA),cuotas (Humano - IA),"IQR H=[8.5], IA=[1.0]",Mann-Whitney U (No paramétrica),0.219492,Rank-biserial r = 0.274,Sin evidencia suficiente de diferencia en distribución (p=0.2195),NO (Excluir reporte ejecutivo),BAJA,"71% missing (n=16 H, n=13 IA). Riesgo de sesgo de selección"
monto_cuota,Monto de cuota en COP,E. VARIABLE QUE DEBE EXCLUIRSE,Numérica continua/conteo (COP),6,14,44,36,"Med=534333.3, Mdn=375000.0, DE=510753.8","Med=2418571.4, Mdn=1075000.0, DE=3657079.2",-700000.0 (Mediana H - IA),COP (Humano - IA),"IQR H=[350000.0], IA=[1655000.0]",Mann-Whitney U (No paramétrica),0.127046,Rank-biserial r = -0.452,Tendencia no significativa bajo alpha=0.05 (p=0.1270),NO,NULA,"80% missing (n=6 H, n=14 IA). Muestra insuficiente para inferencia"
monto_propuesto,Monto propuesto en COP,E. VARIABLE QUE DEBE EXCLUIRSE,Numérica continua/conteo (COP),3,14,47,36,"Med=585092.7, Mdn=250000.0, DE=805455.6","Med=2140000.0, Mdn=525000.0, DE=4137009.3",-275000.0 (Mediana H - IA),COP (Humano - IA),"IQR H=[751361.0], IA=[520000.0]",Mann-Whitney U (No paramétrica),0.449692,Rank-biserial r = -0.310,Sin evidencia suficiente de diferencia en distribución (p=0.4497),NO,NULA,"83% missing (n=3 H, n=14 IA). Incomparable"
monto_deuda,Monto de deuda exigible en COP,E. VARIABLE QUE DEBE EXCLUIRSE,Numérica continua/conteo (COP),6,16,44,34,"Med=204089131.7, Mdn=882143.0, DE=497693033.4","Med=4319375.0, Mdn=2055000.0, DE=5961368.4",-1172857.0 (Mediana H - IA),COP (Humano - IA),"IQR H=[1008193.0], IA=[4037500.0]",Mann-Whitney U (No paramétrica),0.685135,Rank-biserial r = -0.125,Sin evidencia suficiente de diferencia en distribución (p=0.6851),NO,NULA,"78% missing (n=6 H, n=16 IA) y outlier de $1.2B en humanos"
monto_acordado,Monto acordado en COP,E. VARIABLE QUE DEBE EXCLUIRSE,Numérica continua/conteo (COP),0,2,50,48,N=0,"Med=540000.0, Mdn=540000.0, DE=410121.9",Sin datos comparables,COP (Humano - IA),-,No aplicable (Muestra insuficiente),1.0,No calculable,Muestra insuficiente (< 5 casos). Variable puramente descriptiva/excluida.,NO,NULA,"98% missing (n=0 H, n=2 IA). Sin datos en humanos"
monto_descuento,Monto de descuento en COP,E. VARIABLE QUE DEBE EXCLUIRSE,Numérica continua/conteo (COP),1,1,49,49,N=1,N=1,Media H=100000 vs IA=490000,COP (Humano - IA),-,No aplicable (Muestra insuficiente),1.0,No calculable,Muestra insuficiente (< 5 casos). Variable puramente descriptiva/excluida.,NO,NULA,"98% missing (n=1 H, n=1 IA)"
conv_oferta_a_acuerdo,Conversión de oferta a acuerdo (Condicionada),C. MÉTRICA EXPLORATORIA,Binaria condicionada (0/1),26,37,24,13,26.9% (7/26),5.4% (2/37),+21.5,puntos porcentuales (Humano - IA),"[3.0%, 40.1%]",Prueba Exacta de Fisher (Submuestra con oferta),0.026341,Cohen's h = 0.622,"Mayor efectividad de cierre en llamadas con oferta (26.9% vs 5.4%), estadísticamente significativa en submuestra (p=0.0263) pero condicionada.",SI (Secundaria explicativa),MEDIA,Explica la paradoja: la IA formula más ofertas pero el humano es mucho más efectivo convirtiéndolas en acuerdo.
conv_contacto_a_acuerdo,Conversión de contacto efectivo a acuerdo,B. MÉTRICA SECUNDARIA DE DESEMPEÑO,Binaria condicionada (0/1),49,46,1,4,14.3% (7/49),4.3% (2/46),+9.9,puntos porcentuales (Humano - IA),"[-1.5%, 21.4%]",Prueba Exacta de Fisher (Submuestra contactada),0.16046,Cohen's h = 0.355,"Tendencia favorable a humanos sobre contactos efectivos (14.3% vs 4.3%, p=0.1605).",SI (Secundaria),MEDIA,Aísla el efecto de llamadas caídas en buzón.
preguntas_por_minuto,Preguntas formuladas por minuto,C. MÉTRICA EXPLORATORIA,Tasa continua (preguntas/min),50,50,0,0,Mdn=3.8 (Med=4.6),Mdn=3.7 (Med=3.7),+0.1,preguntas/min (Humano - IA),"IQR H=[4.3], IA=[2.7]",Mann-Whitney U,0.379422,Rank-biserial r = 0.102,Ritmo de indagación similar en ambos grupos (p=0.3794).,NO (Excluir reporte ejecutivo),BAJA,No aporta discriminación analítica relevante frente al conteo total de preguntas.
